evaluation,variant,metric,value,best_epoch,outcome
source_validation,strong_control,normalized_rollout_mse,1.3458176851272583,5,failed_raw_gru_gate
source_validation,weak_form,normalized_rollout_mse,1.1921215057373047,35,passed_raw_gru_gate
source_validation,strong_birkhoff_mmd,normalized_rollout_mse,1.3458176851272583,5,failed_raw_gru_gate
source_validation,weak_birkhoff_mmd,normalized_rollout_mse,1.190571665763855,260,selected
source_reference,raw_gru,normalized_rollout_mse,1.2122557163238525,,reference
source_reference,constant_field,normalized_rollout_mse,1.644203782081604,,reference
heldout_lorenz,selected_weak_birkhoff_mmd,mean_normalized_mse,2.3864337962630358,,failed_gate
heldout_lorenz,constant_field,mean_normalized_mse,2.2815299919042915,,reference
heldout_lorenz,selected_weak_birkhoff_mmd,relative_mse_vs_constant_field,1.0459795859493328,,failed_less_than_one_gate
