method,metric,estimate,ci_lower,ci_upper,bootstrap_resamples,bootstrap_seed,track,noise_level
sindy_strong,vpt_restricted_lt,8.267687377153898,8.112473955786076,8.451822746866469,10000,2026,state_only_dynamics,0.0
sindy_weak,vpt_restricted_lt,6.9107674837553015,6.820972440739396,7.0035066850356165,10000,2026,state_only_dynamics,0.0
sindy_weak_weighted,vpt_restricted_lt,6.903288746110115,6.821157268320553,6.984712669665409,10000,2026,state_only_dynamics,0.0
sindy_strong,vpt_restricted_lt,6.616313597576192,6.485576866609628,6.780253759040052,10000,2026,state_only_dynamics,0.001
sindy_weak,vpt_restricted_lt,6.932861159088793,6.813252618469429,7.064256918129341,10000,2026,state_only_dynamics,0.001
sindy_weak_weighted,vpt_restricted_lt,6.967700087699293,6.842525786792979,7.086652335788019,10000,2026,state_only_dynamics,0.001
sindy_strong,vpt_restricted_lt,4.780697405285281,4.573184676788149,4.998732579682679,10000,2026,state_only_dynamics,0.01
sindy_weak,vpt_restricted_lt,6.488989516406892,6.232472383276975,6.673541283391942,10000,2026,state_only_dynamics,0.01
sindy_weak_weighted,vpt_restricted_lt,6.166932808461003,5.7320379107499875,6.5687287020686815,10000,2026,state_only_dynamics,0.01
sindy_strong,vpt_restricted_lt,3.0368670179489454,2.8238175497116824,3.241376833467938,10000,2026,state_only_dynamics,0.05
sindy_weak,vpt_restricted_lt,4.7630281739785225,4.623399737758209,4.915439804272735,10000,2026,state_only_dynamics,0.05
sindy_weak_weighted,vpt_restricted_lt,4.656242076533314,4.383010297789102,5.059606031163798,10000,2026,state_only_dynamics,0.05
