objective,method,seed,controller,metric,case_count,median
activation,smwm,0,smwm_seed0,control_state_error_ratio,128,0.7258092164993286
activation,smwm,1,smwm_seed1,control_state_error_ratio,128,0.727858304977417
activation,smwm,2,smwm_seed2,control_state_error_ratio,128,0.7415080070495605
activation,pca,0,pca_seed0,control_state_error_ratio,128,0.04961665719747543
activation,pca,1,pca_seed1,control_state_error_ratio,128,0.05665726959705353
activation,pca,2,pca_seed2,control_state_error_ratio,128,0.056677281856536865
activation,direct,0,direct_seed0,control_state_error_ratio,128,0.00034871554817073047
activation,direct,1,direct_seed1,control_state_error_ratio,128,0.0003160095075145364
activation,direct,2,direct_seed2,control_state_error_ratio,128,0.00034359630080871284
waveform,smwm,0,smwm_seed0,control_goal_error_ratio,128,1.0631604194641113
waveform,smwm,1,smwm_seed1,control_goal_error_ratio,128,1.0303115844726562
waveform,smwm,2,smwm_seed2,control_goal_error_ratio,128,1.0241667032241821
waveform,pca,0,pca_seed0,control_goal_error_ratio,128,0.9984778165817261
waveform,pca,1,pca_seed1,control_goal_error_ratio,128,1.0220637321472168
waveform,pca,2,pca_seed2,control_goal_error_ratio,128,1.0225577354431152
waveform,direct,0,direct_seed0,control_goal_error_ratio,128,0.014156881719827652
waveform,direct,1,direct_seed1,control_goal_error_ratio,128,0.013733210042119026
waveform,direct,2,direct_seed2,control_goal_error_ratio,128,0.014354055747389793
